{"cameraMode":{"drawMode":0,"name":"Shaded","section":"Shading Mode"},"sceneLighting":true,"audioPlay":false,"sceneViewState":{"m_AlwaysRefresh":false,"showFog":true,"showSkybox":true,"showFlares":true,"showImageEffects":true,"showParticleSystems":true,"showVisualEffectGraphs":true,"m_FxEnabled":true},"in2DMode":false,"pivot":{"x":1.559999704360962,"y":1.510000228881836,"z":-12.799999237060547},"rotation":{"x":-0.07373281568288803,"y":-0.01947994902729988,"z":0.0014181380392983556,"w":-0.997127115726471},"size":5.463500499725342,"orthographic":false}